{"WH_01": [19.054999, 72.8692035], "WH_02": [28.6138954, 77.2090057], "WH_03": [12.9767936, 77.590082], "WH_04": [22.5726459, 88.3638953], "WH_05": [17.360589, 78.4740613], "WH_06": [13.0836939, 80.270186], "WH_07": [23.0215374, 72.5800568], "WH_08": [18.5213738, 73.8545071], "WH_09": [21.2094892, 72.8317058], "WH_10": [26.9154576, 75.8189817], "GN_01": [23.1933118, 72.6348905], "GN_02": [23.2196246, 72.6478573], "GN_03": [23.231654, 72.6645416]}